Image,Folder,Behaviour
Dog_barking_001.jpg,Dog_barking,barkig
Dog_barking_002.jpg,Dog_barking,barkig
Dog_barking_003.jpg,Dog_barking,barkig
Dog_barking_004.jpg,Dog_barking,barkig
Dog_barking_005.jpg,Dog_barking,barkig
Dog_barking_006.jpg,Dog_barking,barkig
Dog_barking_007.jpg,Dog_barking,barkig
Dog_barking_008.jpg,Dog_barking,barkig
Dog_barking_009.jpg,Dog_barking,barkig
Dog_barking_010.jpg,Dog_barking,barkig
Dog_barking_011.jpg,Dog_barking,barkig
Dog_barking_012.jpg,Dog_barking,barkig
Dog_barking_013.jpg,Dog_barking,barkig
Dog_barking_014.jpg,Dog_barking,barkig
Dog_barking_015.jpg,Dog_barking,barkig
Dog_barking_016.jpg,Dog_barking,barkig
Dog_barking_017.jpg,Dog_barking,barkig
Dog_barking_018.jpg,Dog_barking,barkig
Dog_barking_019.jpg,Dog_barking,barkig
Dog_barking_020.jpg,Dog_barking,barkig
Dog_barking_021.jpg,Dog_barking,barkig
Dog_barking_022.jpg,Dog_barking,barkig
Dog_barking_023.jpg,Dog_barking,barkig
Dog_barking_024.jpg,Dog_barking,barkig
Dog_barking_025.jpg,Dog_barking,barkig
Dog_barking_026.jpg,Dog_barking,barkig
Dog_barking_027.jpg,Dog_barking,barkig
Dog_barking_028.jpg,Dog_barking,barkig
Dog_barking_029.jpg,Dog_barking,barkig
Dog_barking_030.jpg,Dog_barking,barkig
Dog_barking_031.jpg,Dog_barking,barkig
Dog_barking_032.jpg,Dog_barking,barkig
Dog_barking_033.jpg,Dog_barking,barkig
Dog_barking_034.jpg,Dog_barking,barkig
Dog_barking_035.jpg,Dog_barking,barkig
Dog_barking_036.jpg,Dog_barking,barkig
Dog_barking_037.jpg,Dog_barking,barkig
Dog_barking_038.jpg,Dog_barking,barkig
Dog_barking_039.jpg,Dog_barking,barkig
Dog_barking_040.jpg,Dog_barking,barkig
Dog_barking_041.jpg,Dog_barking,barkig
Dog_barking_042.jpg,Dog_barking,barkig
Dog_barking_043.jpg,Dog_barking,barkig
Dog_barking_044.jpg,Dog_barking,barkig
Dog_barking_045.jpg,Dog_barking,barkig
Dog_barking_046.jpg,Dog_barking,barkig
Dog_barking_047.jpg,Dog_barking,barkig
Dog_barking_048.jpg,Dog_barking,barkig
Dog_barking_049.jpg,Dog_barking,barkig
Dog_barking_050.jpg,Dog_barking,barkig
Dog_barking_051.jpg,Dog_barking,barkig
Dog_barking_052.jpg,Dog_barking,barkig
Dog_barking_053.jpg,Dog_barking,barkig
Dog_barking_054.jpg,Dog_barking,barkig
Dog_barking_055.jpg,Dog_barking,barkig
Dog_barking_056.jpg,Dog_barking,barkig
Dog_barking_057.jpg,Dog_barking,barkig
Dog_barking_058.jpg,Dog_barking,barkig
Dog_barking_059.jpg,Dog_barking,barkig
Dog_barking_060.jpg,Dog_barking,barkig
Dog_barking_061.jpg,Dog_barking,barkig
Dog_barking_062.jpg,Dog_barking,barkig
Dog_barking_063.jpg,Dog_barking,barkig
Dog_barking_064.jpg,Dog_barking,barkig
Dog_barking_065.jpg,Dog_barking,barkig
Dog_barking_066.jpg,Dog_barking,barkig
Dog_barking_067.jpg,Dog_barking,barkig
Dog_barking_068.jpg,Dog_barking,barkig
Dog_barking_069.jpg,Dog_barking,barkig
Dog_barking_070.jpg,Dog_barking,barkig
Dog_shaking_001.jpg,Dog_shaking,shaking
Dog_shaking_002.jpg,Dog_shaking,shaking
Dog_shaking_003.jpg,Dog_shaking,shaking
Dog_shaking_004.jpg,Dog_shaking,shaking
Dog_shaking_005.jpg,Dog_shaking,shaking
Dog_shaking_006.jpg,Dog_shaking,shaking
Dog_shaking_007.jpg,Dog_shaking,shaking
Dog_shaking_008.jpg,Dog_shaking,shaking
Dog_shaking_009.jpg,Dog_shaking,shaking
Dog_shaking_010.jpg,Dog_shaking,shaking
Dog_shaking_011.jpg,Dog_shaking,shaking
Dog_shaking_012.jpg,Dog_shaking,shaking
Dog_shaking_013.jpg,Dog_shaking,shaking
Dog_shaking_014.jpg,Dog_shaking,shaking
Dog_shaking_015.jpg,Dog_shaking,shaking
Dog_shaking_016.jpg,Dog_shaking,shaking
Dog_shaking_017.jpg,Dog_shaking,shaking
Dog_shaking_018.jpg,Dog_shaking,shaking
Dog_shaking_019.jpg,Dog_shaking,shaking
Dog_shaking_020.jpg,Dog_shaking,shaking
Dog_shaking_021.jpg,Dog_shaking,shaking
Dog_shaking_022.jpg,Dog_shaking,shaking
Dog_shaking_023.jpg,Dog_shaking,shaking
Dog_shaking_024.jpg,Dog_shaking,shaking
Dog_shaking_025.jpg,Dog_shaking,shaking
Dog_shaking_026.jpg,Dog_shaking,shaking
Dog_shaking_027.jpg,Dog_shaking,shaking
Dog_shaking_028.jpg,Dog_shaking,shaking
Dog_shaking_029.jpg,Dog_shaking,shaking
Dog_shaking_030.jpg,Dog_shaking,shaking
Dog_shaking_031.jpg,Dog_shaking,shaking
Dog_shaking_032.jpg,Dog_shaking,shaking
Dog_shaking_033.jpg,Dog_shaking,shaking
Dog_shaking_034.jpg,Dog_shaking,shaking
Dog_shaking_035.jpg,Dog_shaking,shaking
Dog_shaking_036.jpg,Dog_shaking,shaking
Dog_shaking_037.jpg,Dog_shaking,shaking
Dog_shaking_038.jpg,Dog_shaking,shaking
Dog_shaking_039.jpg,Dog_shaking,shaking
Dog_shaking_040.jpg,Dog_shaking,shaking
Dog_shaking_041.jpg,Dog_shaking,shaking
Dog_shaking_042.jpg,Dog_shaking,shaking
Dog_shaking_043.jpg,Dog_shaking,shaking
Dog_shaking_044.jpg,Dog_shaking,shaking
Dog_shaking_045.jpg,Dog_shaking,shaking
Dog_shaking_046.jpg,Dog_shaking,shaking
Dog_shaking_047.jpg,Dog_shaking,shaking
Dog_shaking_048.jpg,Dog_shaking,shaking
Dog_shaking_049.jpg,Dog_shaking,shaking
Dog_shaking_050.jpg,Dog_shaking,shaking
Dog_shaking_051.jpg,Dog_shaking,shaking
Dog_shaking_052.jpg,Dog_shaking,shaking
Dog_shaking_053.jpg,Dog_shaking,shaking
Dog_shaking_054.jpg,Dog_shaking,shaking
Dog_shaking_055.jpg,Dog_shaking,shaking
Dog_shaking_056.jpg,Dog_shaking,shaking
Dog_shaking_057.jpg,Dog_shaking,shaking
Dog_shaking_058.jpg,Dog_shaking,shaking
Dog_shaking_059.jpg,Dog_shaking,shaking
Dog_shaking_060.jpg,Dog_shaking,shaking
Dog_shaking_061.jpg,Dog_shaking,shaking
Dog_shaking_062.jpg,Dog_shaking,shaking
Dog_shaking_063.jpg,Dog_shaking,shaking
Dog_shaking_064.jpg,Dog_shaking,shaking
Dog_shaking_065.jpg,Dog_shaking,shaking
Dog_shaking_066.jpg,Dog_shaking,shaking
Dog_shaking_067.jpg,Dog_shaking,shaking
Dog_shaking_068.jpg,Dog_shaking,shaking
Dog_shaking_069.jpg,Dog_shaking,shaking
Dog_shaking_070.jpg,Dog_shaking,shaking
Dog_lying_001.jpg,Dog_showing_belly,showing_belly
Dog_lying_002.jpg,Dog_showing_belly,showing_belly
Dog_lying_003.jpg,Dog_showing_belly,showing_belly
Dog_lying_004.jpg,Dog_showing_belly,showing_belly
Dog_lying_005.jpg,Dog_showing_belly,showing_belly
Dog_lying_006.jpg,Dog_showing_belly,showing_belly
Dog_lying_007.jpg,Dog_showing_belly,showing_belly
Dog_lying_008.jpg,Dog_showing_belly,showing_belly
Dog_lying_009.jpg,Dog_showing_belly,showing_belly
Dog_lying_010.jpg,Dog_showing_belly,showing_belly
Dog_lying_011.jpg,Dog_showing_belly,showing_belly
Dog_lying_012.jpg,Dog_showing_belly,showing_belly
Dog_lying_013.jpg,Dog_showing_belly,showing_belly
Dog_lying_014.jpg,Dog_showing_belly,showing_belly
Dog_lying_015.jpg,Dog_showing_belly,showing_belly
Dog_lying_016.jpg,Dog_showing_belly,showing_belly
Dog_lying_017.jpg,Dog_showing_belly,showing_belly
Dog_lying_018.jpg,Dog_showing_belly,showing_belly
Dog_lying_019.jpg,Dog_showing_belly,showing_belly
Dog_lying_020.jpg,Dog_showing_belly,showing_belly
Dog_lying_021.jpg,Dog_showing_belly,showing_belly
Dog_lying_022.jpg,Dog_showing_belly,showing_belly
Dog_lying_023.jpg,Dog_showing_belly,showing_belly
Dog_lying_024.jpg,Dog_showing_belly,showing_belly
Dog_lying_025.jpg,Dog_showing_belly,showing_belly
Dog_lying_026.jpg,Dog_showing_belly,showing_belly
Dog_lying_027.jpg,Dog_showing_belly,showing_belly
Dog_lying_028.jpg,Dog_showing_belly,showing_belly
Dog_lying_029.jpg,Dog_showing_belly,showing_belly
Dog_lying_030.jpg,Dog_showing_belly,showing_belly
Dog_lying_031.jpg,Dog_showing_belly,showing_belly
Dog_lying_032.jpg,Dog_showing_belly,showing_belly
Dog_lying_033.jpg,Dog_showing_belly,showing_belly
Dog_lying_034.jpg,Dog_showing_belly,showing_belly
Dog_lying_035.jpg,Dog_showing_belly,showing_belly
Dog_lying_036.jpg,Dog_showing_belly,showing_belly
Dog_lying_037.jpg,Dog_showing_belly,showing_belly
Dog_lying_038.jpg,Dog_showing_belly,showing_belly
Dog_lying_039.jpg,Dog_showing_belly,showing_belly
Dog_lying_040.jpg,Dog_showing_belly,showing_belly
Dog_lying_041.jpg,Dog_showing_belly,showing_belly
Dog_lying_042.jpg,Dog_showing_belly,showing_belly
Dog_lying_043.jpg,Dog_showing_belly,showing_belly
Dog_lying_044.jpg,Dog_showing_belly,showing_belly
Dog_lying_045.jpg,Dog_showing_belly,showing_belly
Dog_lying_046.jpg,Dog_showing_belly,showing_belly
Dog_lying_047.jpg,Dog_showing_belly,showing_belly
Dog_lying_048.jpg,Dog_showing_belly,showing_belly
Dog_lying_049.jpg,Dog_showing_belly,showing_belly
Dog_lying_050.jpg,Dog_showing_belly,showing_belly
Dog_lying_051.jpg,Dog_showing_belly,showing_belly
Dog_lying_052.jpg,Dog_showing_belly,showing_belly
Dog_lying_053.jpg,Dog_showing_belly,showing_belly
Dog_lying_054.jpg,Dog_showing_belly,showing_belly
Dog_lying_055.jpg,Dog_showing_belly,showing_belly
Dog_lying_056.jpg,Dog_showing_belly,showing_belly
Dog_lying_057.jpg,Dog_showing_belly,showing_belly
Dog_lying_058.jpg,Dog_showing_belly,showing_belly
Dog_lying_059.jpg,Dog_showing_belly,showing_belly
Dog_lying_060.jpg,Dog_showing_belly,showing_belly
Dog_lying_061.jpg,Dog_showing_belly,showing_belly
Dog_lying_062.jpg,Dog_showing_belly,showing_belly
Dog_lying_063.jpg,Dog_showing_belly,showing_belly
Dog_lying_064.jpg,Dog_showing_belly,showing_belly
Dog_lying_065.jpg,Dog_showing_belly,showing_belly
Dog_lying_066.jpg,Dog_showing_belly,showing_belly
Dog_lying_067.jpg,Dog_showing_belly,showing_belly
Dog_lying_068.jpg,Dog_showing_belly,showing_belly
Dog_lying_069.jpg,Dog_showing_belly,showing_belly
Dog_lying_070.jpg,Dog_showing_belly,showing_belly
Dog_sitting_001.jpg,Dog_sitting,sitting
Dog_sitting_002.jpg,Dog_sitting,sitting
Dog_sitting_003.jpg,Dog_sitting,sitting
Dog_sitting_004.jpg,Dog_sitting,sitting
Dog_sitting_005.jpg,Dog_sitting,sitting
Dog_sitting_006.jpg,Dog_sitting,sitting
Dog_sitting_007.jpg,Dog_sitting,sitting
Dog_sitting_008.jpg,Dog_sitting,sitting
Dog_sitting_009.jpg,Dog_sitting,sitting
Dog_sitting_010.jpg,Dog_sitting,sitting
Dog_sitting_011.jpg,Dog_sitting,sitting
Dog_sitting_012.jpg,Dog_sitting,sitting
Dog_sitting_013.jpg,Dog_sitting,sitting
Dog_sitting_014.jpg,Dog_sitting,sitting
Dog_sitting_015.jpg,Dog_sitting,sitting
Dog_sitting_016.jpg,Dog_sitting,sitting
Dog_sitting_017.jpg,Dog_sitting,sitting
Dog_sitting_018.jpg,Dog_sitting,sitting
Dog_sitting_019.jpg,Dog_sitting,sitting
Dog_sitting_020.jpg,Dog_sitting,sitting
Dog_sitting_021.jpg,Dog_sitting,sitting
Dog_sitting_022.jpg,Dog_sitting,sitting
Dog_sitting_023.jpg,Dog_sitting,sitting
Dog_sitting_024.jpg,Dog_sitting,sitting
Dog_sitting_025.jpg,Dog_sitting,sitting
Dog_sitting_026.jpg,Dog_sitting,sitting
Dog_sitting_027.jpg,Dog_sitting,sitting
Dog_sitting_028.jpg,Dog_sitting,sitting
Dog_sitting_029.jpg,Dog_sitting,sitting
Dog_sitting_030.jpg,Dog_sitting,sitting
Dog_sitting_031.jpg,Dog_sitting,sitting
Dog_sitting_032.jpg,Dog_sitting,sitting
Dog_sitting_033.jpg,Dog_sitting,sitting
Dog_sitting_034.jpg,Dog_sitting,sitting
Dog_sitting_035.jpg,Dog_sitting,sitting
Dog_sitting_036.jpg,Dog_sitting,sitting
Dog_sitting_037.jpg,Dog_sitting,sitting
Dog_sitting_038.jpg,Dog_sitting,sitting
Dog_sitting_039.jpg,Dog_sitting,sitting
Dog_sitting_040.jpg,Dog_sitting,sitting
Dog_sitting_041.jpg,Dog_sitting,sitting
Dog_sitting_042.jpg,Dog_sitting,sitting
Dog_sitting_043.jpg,Dog_sitting,sitting
Dog_sitting_044.jpg,Dog_sitting,sitting
Dog_sitting_045.jpg,Dog_sitting,sitting
Dog_sitting_046.jpg,Dog_sitting,sitting
Dog_sitting_047.jpg,Dog_sitting,sitting
Dog_sitting_048.jpg,Dog_sitting,sitting
Dog_sitting_049.jpg,Dog_sitting,sitting
Dog_sitting_050.jpg,Dog_sitting,sitting
Dog_sitting_051.jpg,Dog_sitting,sitting
Dog_sitting_052.jpg,Dog_sitting,sitting
Dog_sitting_053.jpg,Dog_sitting,sitting
Dog_sitting_054.jpg,Dog_sitting,sitting
Dog_sitting_055.jpg,Dog_sitting,sitting
Dog_sitting_056.jpg,Dog_sitting,sitting
Dog_sitting_057.jpg,Dog_sitting,sitting
Dog_sitting_058.jpg,Dog_sitting,sitting
Dog_sitting_059.jpg,Dog_sitting,sitting
Dog_sitting_060.jpg,Dog_sitting,sitting
Dog_sitting_061.jpg,Dog_sitting,sitting
Dog_sitting_062.jpg,Dog_sitting,sitting
Dog_sitting_063.jpg,Dog_sitting,sitting
Dog_sitting_064.jpg,Dog_sitting,sitting
Dog_sitting_065.jpg,Dog_sitting,sitting
Dog_sitting_066.jpg,Dog_sitting,sitting
Dog_sitting_067.jpg,Dog_sitting,sitting
Dog_sitting_068.jpg,Dog_sitting,sitting
Dog_sitting_069.jpg,Dog_sitting,sitting
Dog_sitting_070.jpg,Dog_sitting,sitting
Dog_sleeping_001.jpg,Dog_sleeping,sleeping
Dog_sleeping_002.jpg,Dog_sleeping,sleeping
Dog_sleeping_003.jpg,Dog_sleeping,sleeping
Dog_sleeping_004.jpg,Dog_sleeping,sleeping
Dog_sleeping_005.jpg,Dog_sleeping,sleeping
Dog_sleeping_006.jpg,Dog_sleeping,sleeping
Dog_sleeping_007.jpg,Dog_sleeping,sleeping
Dog_sleeping_008.jpg,Dog_sleeping,sleeping
Dog_sleeping_009.jpg,Dog_sleeping,sleeping
Dog_sleeping_010.jpg,Dog_sleeping,sleeping
Dog_sleeping_011.jpg,Dog_sleeping,sleeping
Dog_sleeping_012.jpg,Dog_sleeping,sleeping
Dog_sleeping_013.jpg,Dog_sleeping,sleeping
Dog_sleeping_014.jpg,Dog_sleeping,sleeping
Dog_sleeping_015.jpg,Dog_sleeping,sleeping
Dog_sleeping_016.jpg,Dog_sleeping,sleeping
Dog_sleeping_017.jpg,Dog_sleeping,sleeping
Dog_sleeping_018.jpg,Dog_sleeping,sleeping
Dog_sleeping_019.jpg,Dog_sleeping,sleeping
Dog_sleeping_020.jpg,Dog_sleeping,sleeping
Dog_sleeping_021.jpg,Dog_sleeping,sleeping
Dog_sleeping_022.jpg,Dog_sleeping,sleeping
Dog_sleeping_023.jpg,Dog_sleeping,sleeping
Dog_sleeping_024.jpg,Dog_sleeping,sleeping
Dog_sleeping_025.jpg,Dog_sleeping,sleeping
Dog_sleeping_026.jpg,Dog_sleeping,sleeping
Dog_sleeping_027.jpg,Dog_sleeping,sleeping
Dog_sleeping_028.jpg,Dog_sleeping,sleeping
Dog_sleeping_029.jpg,Dog_sleeping,sleeping
Dog_sleeping_030.jpg,Dog_sleeping,sleeping
Dog_sleeping_031.jpg,Dog_sleeping,sleeping
Dog_sleeping_032.jpg,Dog_sleeping,sleeping
Dog_sleeping_033.jpg,Dog_sleeping,sleeping
Dog_sleeping_034.jpg,Dog_sleeping,sleeping
Dog_sleeping_035.jpg,Dog_sleeping,sleeping
Dog_sleeping_036.jpg,Dog_sleeping,sleeping
Dog_sleeping_037.jpg,Dog_sleeping,sleeping
Dog_sleeping_038.jpg,Dog_sleeping,sleeping
Dog_sleeping_039.jpg,Dog_sleeping,sleeping
Dog_sleeping_040.jpg,Dog_sleeping,sleeping
Dog_sleeping_041.jpg,Dog_sleeping,sleeping
Dog_sleeping_042.jpg,Dog_sleeping,sleeping
Dog_sleeping_043.jpg,Dog_sleeping,sleeping
Dog_sleeping_044.jpg,Dog_sleeping,sleeping
Dog_sleeping_045.jpg,Dog_sleeping,sleeping
Dog_sleeping_046.jpg,Dog_sleeping,sleeping
Dog_sleeping_047.jpg,Dog_sleeping,sleeping
Dog_sleeping_048.jpg,Dog_sleeping,sleeping
Dog_sleeping_049.jpg,Dog_sleeping,sleeping
Dog_sleeping_050.jpg,Dog_sleeping,sleeping
Dog_sleeping_051.jpg,Dog_sleeping,sleeping
Dog_sleeping_052.jpg,Dog_sleeping,sleeping
Dog_sleeping_053.jpg,Dog_sleeping,sleeping
Dog_sleeping_054.jpg,Dog_sleeping,sleeping
Dog_sleeping_055.jpg,Dog_sleeping,sleeping
Dog_sleeping_056.jpg,Dog_sleeping,sleeping
Dog_sleeping_057.jpg,Dog_sleeping,sleeping
Dog_sleeping_058.jpg,Dog_sleeping,sleeping
Dog_sleeping_059.jpg,Dog_sleeping,sleeping
Dog_sleeping_060.jpg,Dog_sleeping,sleeping
Dog_sleeping_061.jpg,Dog_sleeping,sleeping
Dog_sleeping_062.jpg,Dog_sleeping,sleeping
Dog_sleeping_063.jpg,Dog_sleeping,sleeping
Dog_sleeping_064.jpg,Dog_sleeping,sleeping
Dog_sleeping_065.jpg,Dog_sleeping,sleeping
Dog_sleeping_066.jpg,Dog_sleeping,sleeping
Dog_sleeping_067.jpg,Dog_sleeping,sleeping
Dog_sleeping_068.jpg,Dog_sleeping,sleeping
Dog_sleeping_069.jpg,Dog_sleeping,sleeping
Dog_sleeping_070.jpg,Dog_sleeping,sleeping
Dog_smiling_001.jpg,Dog_smiling,smiling
Dog_smiling_002.jpg,Dog_smiling,smiling
Dog_smiling_003.jpg,Dog_smiling,smiling
Dog_smiling_004.jpg,Dog_smiling,smiling
Dog_smiling_005.jpg,Dog_smiling,smiling
Dog_smiling_006.jpg,Dog_smiling,smiling
Dog_smiling_007.jpg,Dog_smiling,smiling
Dog_smiling_008.jpg,Dog_smiling,smiling
Dog_smiling_009.jpg,Dog_smiling,smiling
Dog_smiling_010.jpg,Dog_smiling,smiling
Dog_smiling_011.jpg,Dog_smiling,smiling
Dog_smiling_012.jpg,Dog_smiling,smiling
Dog_smiling_013.jpg,Dog_smiling,smiling
Dog_smiling_014.jpg,Dog_smiling,smiling
Dog_smiling_015.jpg,Dog_smiling,smiling
Dog_smiling_016.jpg,Dog_smiling,smiling
Dog_smiling_017.jpg,Dog_smiling,smiling
Dog_smiling_018.jpg,Dog_smiling,smiling
Dog_smiling_019.jpg,Dog_smiling,smiling
Dog_smiling_020.jpg,Dog_smiling,smiling
Dog_smiling_021.jpg,Dog_smiling,smiling
Dog_smiling_022.jpg,Dog_smiling,smiling
Dog_smiling_023.jpg,Dog_smiling,smiling
Dog_smiling_024.jpg,Dog_smiling,smiling
Dog_smiling_025.jpg,Dog_smiling,smiling
Dog_smiling_026.jpg,Dog_smiling,smiling
Dog_smiling_027.jpg,Dog_smiling,smiling
Dog_smiling_028.jpg,Dog_smiling,smiling
Dog_smiling_029.jpg,Dog_smiling,smiling
Dog_smiling_030.jpg,Dog_smiling,smiling
Dog_smiling_031.jpg,Dog_smiling,smiling
Dog_smiling_032.jpg,Dog_smiling,smiling
Dog_smiling_033.jpg,Dog_smiling,smiling
Dog_smiling_034.jpg,Dog_smiling,smiling
Dog_smiling_035.jpg,Dog_smiling,smiling
Dog_smiling_036.jpg,Dog_smiling,smiling
Dog_smiling_037.jpg,Dog_smiling,smiling
Dog_smiling_038.jpg,Dog_smiling,smiling
Dog_smiling_039.jpg,Dog_smiling,smiling
Dog_smiling_040.jpg,Dog_smiling,smiling
Dog_smiling_041.jpg,Dog_smiling,smiling
Dog_smiling_042.jpg,Dog_smiling,smiling
Dog_smiling_043.jpg,Dog_smiling,smiling
Dog_smiling_044.jpg,Dog_smiling,smiling
Dog_smiling_045.jpg,Dog_smiling,smiling
Dog_smiling_046.jpg,Dog_smiling,smiling
Dog_smiling_047.jpg,Dog_smiling,smiling
Dog_smiling_048.jpg,Dog_smiling,smiling
Dog_smiling_049.jpg,Dog_smiling,smiling
Dog_smiling_050.jpg,Dog_smiling,smiling
Dog_smiling_051.jpg,Dog_smiling,smiling
Dog_smiling_052.jpg,Dog_smiling,smiling
Dog_smiling_053.jpg,Dog_smiling,smiling
Dog_smiling_054.jpg,Dog_smiling,smiling
Dog_smiling_055.jpg,Dog_smiling,smiling
Dog_smiling_056.jpg,Dog_smiling,smiling
Dog_smiling_057.jpg,Dog_smiling,smiling
Dog_smiling_058.jpg,Dog_smiling,smiling
Dog_smiling_059.jpg,Dog_smiling,smiling
Dog_smiling_060.jpg,Dog_smiling,smiling
Dog_smiling_061.jpg,Dog_smiling,smiling
Dog_smiling_062.jpg,Dog_smiling,smiling
Dog_smiling_063.jpg,Dog_smiling,smiling
Dog_smiling_064.jpg,Dog_smiling,smiling
Dog_smiling_065.jpg,Dog_smiling,smiling
Dog_smiling_066.jpg,Dog_smiling,smiling
Dog_smiling_067.jpg,Dog_smiling,smiling
Dog_smiling_068.jpg,Dog_smiling,smiling
Dog_smiling_069.jpg,Dog_smiling,smiling
Dog_smiling_070.jpg,Dog_smiling,smiling
Dog_wondering_001.jpg,Dog_wondering,wondering
Dog_wondering_002.jpg,Dog_wondering,wondering
Dog_wondering_003.jpg,Dog_wondering,wondering
Dog_wondering_004.jpg,Dog_wondering,wondering
Dog_wondering_005.jpg,Dog_wondering,wondering
Dog_wondering_006.jpg,Dog_wondering,wondering
Dog_wondering_007.jpg,Dog_wondering,wondering
Dog_wondering_008.jpg,Dog_wondering,wondering
Dog_wondering_009.jpg,Dog_wondering,wondering
Dog_wondering_010.jpg,Dog_wondering,wondering
Dog_wondering_011.jpg,Dog_wondering,wondering
Dog_wondering_012.jpg,Dog_wondering,wondering
Dog_wondering_013.jpg,Dog_wondering,wondering
Dog_wondering_014.jpg,Dog_wondering,wondering
Dog_wondering_015.jpg,Dog_wondering,wondering
Dog_wondering_016.jpg,Dog_wondering,wondering
Dog_wondering_017.jpg,Dog_wondering,wondering
Dog_wondering_018.jpg,Dog_wondering,wondering
Dog_wondering_019.jpg,Dog_wondering,wondering
Dog_wondering_020.jpg,Dog_wondering,wondering
Dog_wondering_021.jpg,Dog_wondering,wondering
Dog_wondering_022.jpg,Dog_wondering,wondering
Dog_wondering_023.jpg,Dog_wondering,wondering
Dog_wondering_024.jpg,Dog_wondering,wondering
Dog_wondering_025.jpg,Dog_wondering,wondering
Dog_wondering_026.jpg,Dog_wondering,wondering
Dog_wondering_027.jpg,Dog_wondering,wondering
Dog_wondering_028.jpg,Dog_wondering,wondering
Dog_wondering_029.jpg,Dog_wondering,wondering
Dog_wondering_030.jpg,Dog_wondering,wondering
Dog_wondering_031.jpg,Dog_wondering,wondering
Dog_wondering_032.jpg,Dog_wondering,wondering
Dog_wondering_033.jpg,Dog_wondering,wondering
Dog_wondering_034.jpg,Dog_wondering,wondering
Dog_wondering_035.jpg,Dog_wondering,wondering
Dog_wondering_036.jpg,Dog_wondering,wondering
Dog_wondering_037.jpg,Dog_wondering,wondering
Dog_wondering_038.jpg,Dog_wondering,wondering
Dog_wondering_039.jpg,Dog_wondering,wondering
Dog_wondering_040.jpg,Dog_wondering,wondering
Dog_wondering_041.jpg,Dog_wondering,wondering
Dog_wondering_042.jpg,Dog_wondering,wondering
Dog_wondering_043.jpg,Dog_wondering,wondering
Dog_wondering_044.jpg,Dog_wondering,wondering
Dog_wondering_045.jpg,Dog_wondering,wondering
Dog_wondering_046.jpg,Dog_wondering,wondering
Dog_wondering_047.jpg,Dog_wondering,wondering
Dog_wondering_048.jpg,Dog_wondering,wondering
Dog_wondering_049.jpg,Dog_wondering,wondering
Dog_wondering_050.jpg,Dog_wondering,wondering
Dog_wondering_051.jpg,Dog_wondering,wondering
Dog_wondering_052.jpg,Dog_wondering,wondering
Dog_wondering_053.jpg,Dog_wondering,wondering
Dog_wondering_054.jpg,Dog_wondering,wondering
Dog_wondering_055.jpg,Dog_wondering,wondering
Dog_wondering_056.jpg,Dog_wondering,wondering
Dog_wondering_057.jpg,Dog_wondering,wondering
Dog_wondering_058.jpg,Dog_wondering,wondering
Dog_wondering_059.jpg,Dog_wondering,wondering
Dog_wondering_060.jpg,Dog_wondering,wondering
Dog_wondering_061.jpg,Dog_wondering,wondering
Dog_wondering_062.jpg,Dog_wondering,wondering
Dog_wondering_063.jpg,Dog_wondering,wondering
Dog_wondering_064.jpg,Dog_wondering,wondering
Dog_wondering_065.jpg,Dog_wondering,wondering
Dog_wondering_066.jpg,Dog_wondering,wondering
Dog_wondering_067.jpg,Dog_wondering,wondering
Dog_wondering_068.jpg,Dog_wondering,wondering
Dog_wondering_069.jpg,Dog_wondering,wondering
Dog_wondering_070.jpg,Dog_wondering,wondering
